[
  {
    "name": "VSTA pool staking strategy",
    "strategy": {
      "name": "vsta-pool-staking",
      "params": {
        "balancerVaultAddress": "0xBA12222222228d8Ba445958a75a0704d566BF2C8",
        "poolAddress": "0xC61ff48f94D801c1ceFaCE0289085197B5ec44F0",
        "poolId": "0xc61ff48f94d801c1ceface0289085197b5ec44f000020000000000000000004d",
        "farmAddress": "0x65207da01293C692a37f59D1D9b1624F0f21177c",
        "vstaAddress": "0xa684cd057951541187f288294a1e1C2646aA2d24",
        "symbol": "VSTA",
        "decimals": 18
      }
    },
    "network": "42161",
    "addresses": [
      "0x88684f6abb5dcd4d3195cc2c714dd79de5a76999",
      "0x126824925a67f98dca1eb9d92d78d51c99f3a427",
      "0x7a16e350ab5929a40cd9a6f51957d5a45a6e361b"
    ],
    "snapshot": 44025597
  }
]
