{
  "$schema": "http://json-schema.org/draft-07/schema#",
  "$ref": "#/definitions/Strategy",
  "definitions": {
    "Strategy": {
      "title": "Strategy",
      "type": "object",
      "properties": {
        "symbol": {
          "type": "string",
          "title": "symbol",
          "examples": ["e.g. VSTA"],
          "maxLength": 16
        },
        "decimals": {
          "type": "number",
          "title": "decimals",
          "examples": ["e.g. 18"]
        },
        "balancerVaultAddress": {
          "type": "string",
          "title": "balancerVaultAddress",
          "examples": ["e.g. 0x2d94AA3e47d9D5024503Ca8491fcE9A2fB4DA198"],
          "pattern": "^0x[a-fA-F0-9]{40}$",
          "minLength": 42,
          "maxLength": 42
        },
        "poolAddress": {
          "type": "string",
          "title": "poolAddress",
          "examples": ["e.g. 0x472D0B0DDFE0BC02C27928b8BcbD67E65D07d48a"],
          "pattern": "^0x[a-fA-F0-9]{40}$",
          "minLength": 42,
          "maxLength": 42
        },
        "poolId": {
          "type": "string",
          "title": "poolId",
          "examples": [
            "e.g. 0xc61ff48f94d801c1ceface0289085197b5ec44f000020000000000000000004d"
          ],
          "pattern": "^0x[a-fA-F0-9]{64}$",
          "minLength": 66,
          "maxLength": 66
        },
        "farmAddress": {
          "type": "string",
          "title": "farmAddress",
          "examples": ["e.g. 0x472D0B0DDFE0BC02C27928b8BcbD67E65D07d48a"],
          "pattern": "^0x[a-fA-F0-9]{40}$",
          "minLength": 42,
          "maxLength": 42
        },
        "vstaAddress": {
          "type": "string",
          "title": "vstaAddress",
          "examples": ["e.g. 0x472D0B0DDFE0BC02C27928b8BcbD67E65D07d48a"],
          "pattern": "^0x[a-fA-F0-9]{40}$",
          "minLength": 42,
          "maxLength": 42
        }
      },
      "required": [
        "decimals",
        "balancerVaultAddress",
        "poolAddress",
        "farmAddress",
        "vstaAddress"
      ],
      "additionalProperties": false
    }
  }
}
