[
  {
    "name": "LoopringDAOSearch",
    "strategy": {
      "name": "lrc-nft-dao-search",
      "params": {
        "graph": "https://api.thegraph.com/subgraphs/name/juanmardefago/loopring36",
        "minter_account_id": "157510",
        "tokens": ["0xb6d91e38e4ac53c9f8952c6c6b1c7aee66c8b6f0"],
        "nft_ids": [
          "0x1e31297dd163ca44a5fad74de4ffbebf1ba11d46e1b448b0e105449d827fb264"
        ],
        "blacklisted_account_ids": [""],
        "blacklisted_nft_ids": [""]
      }
    },
    "network": "1",
    "addresses": ["0xeE253D3fCC30787a1E58570E355010d0b9C33B60"],
    "snapshot": 15677787
  }
]
