[
  {
    "name": "Jade-Smrt multichain voting",
    "strategy": {
      "name": "jade-smrt",
      "params": {
        "symbol": "jade-smrt",

        "JADE": {
          "network": "56",
          "address": "0x7ad7242A99F21aa543F9650A56D141C57e4F6081",
          "decimals": 9
        },

        "SJADE": {
          "network": "56",
          "address": "0x94CEA04C51E7d3EC0a4A97Ac0C3B3c9254c2aD41",
          "decimals": 9
        },

        "JADELP": {
          "network": "56",
          "address": "0x46503d91D7a41FCbDC250E84ceE9D457d082D7b4",
          "decimals": 18
        },

        "SMRTR": {
          "network": "43114",
          "address": "0x6D923f688C7FF287dc3A5943CAeefc994F97b290",
          "decimals": 18
        },

        "SMRT": {
          "network": "43114",
          "address": "0xCC2f1d827b18321254223dF4e84dE399D9Ff116c",
          "decimals": 18
        },

        "SMRTLP": {
          "network": "43114",
          "address": "0xf070843Ba9ed0ab85B0d15f9E8D67A5A8E073254",
          "decimals": 18
        },

        "SMRTRLP": {
          "network": "43114",
          "address": "0x7b7617c7b2236d7871741783cae8bcc222c2e05d",
          "decimals": 18
        },

        "avaxGraph": "https://api.thegraph.com/subgraphs/name/elkfinance/avax-blocks",

        "startBlocks": {
          "56": 12858840,
          "43114": 7639389
        }
      }
    },

    "network": "56",
    "addresses": [
      "0x422Cb45F4DCB3f798B53835F8671288D424d881F",
      "0x0E916175eFa7633b5703cb9c50A99602e6c65530",
      "0xbDe951E26aae4F39e20628724f58293A4E6457D4",
      "0xA932857fA2Dbf18A8EeB50e359E99EDD40E27F7f",
      "0xe0d7069685AF2F940D60685d93673Ee1141473C4",
      "0xB0354be8EDD26d154dCf10BE3c47C88Ee6150DDB",
      "0x20c204adad9C991ED35ce2778e705439227EA406",
      "0x7AaCE7fb8CD4CEC3588F4a0b0A0DBdd470b20FbD"
    ],
    "snapshot": 13350104
  }
]
