[
  {
    "name": "PDT Vesting Voucher Claimable Amounts",
    "strategy": {
      "name": "solv-voucher-claimable",
      "params": {
        "address": "0x522f8fe415e08b600b8bd6c1db74a1b696845d0d",
        "symbol": "PDT"
      }
    },
    "network": "1",
    "addresses": [
      "0x0d5f507074db8ead56f5875219dbf1ff73bcd429",
      "0xf96225d26fa257b200420696092e02cc141cf3d8",
      "0xd3be4499f28ef91a6b6dd5ab6beb0588039d72ba",
      "0x661c3a6db7241f2a7b3b1c1d73fe98198d089fc2",
      "0xceeab2af38e6b086cdce120c49f93b65f0b92b76",
      "0xc40fc1c553737b2aa8572fdb036986510219f233"
    ],
    "snapshot": 14955800
  },
  {
    "name": "VERA Vesting Voucher Claimable Amounts",
    "strategy": {
      "name": "solv-voucher-claimable",
      "params": {
        "address": "0x928b35660f8388042d871e82eb40234901461354",
        "symbol": "VERA"
      }
    },
    "network": 56,
    "addresses": [
      "0x0d5f507074db8ead56f5875219dbf1ff73bcd429",
      "0xf96225d26fa257b200420696092e02cc141cf3d8",
      "0xd3be4499f28ef91a6b6dd5ab6beb0588039d72ba",
      "0x661c3a6db7241f2a7b3b1c1d73fe98198d089fc2",
      "0xceeab2af38e6b086cdce120c49f93b65f0b92b76",
      "0xc40fc1c553737b2aa8572fdb036986510219f233"
    ],
    "snapshot": 19287600
  }
]
