[
  {
    "name": "Example GYSR Pending Rewards query",
    "strategy": {
      "name": "gysr-pending-rewards",
      "params": {
        "pool": "0x30c0f65d9b27ebe2cc2a49cbcb4133230b3fb381",
        "rewardToken": "0xbEa98c05eEAe2f3bC8c3565Db7551Eb738c8CCAb",
        "symbol": "GYSR"
      }
    },
    "network": 1,
    "addresses": [
      "0xc56e357599de4418c3a33ad611130d2b2b36b19a",
      "0x3a5a5ed68b3eea83df82fbd3d16b16562e205ffb",
      "0x6c2448c22a7947bd4fd886b719618b913cd09538",
      "0x30c0f65d9b27ebe2cc2a49cbcb4133230b3fb381"
    ],
    "snapshot": 15410000
  }
]
