{
  "$schema": "http://json-schema.org/draft-07/schema#",
  "$ref": "#/definitions/Strategy",
  "definitions": {
    "Strategy": {
      "title": "Strategy",
      "type": "object",
      "properties": {
        "symbol": {
          "type": "string",
          "title": "Symbol",
          "examples": ["e.g. UNI"],
          "maxLength": 16
        },
        "pool": {
          "type": "string",
          "title": "Pool Address",
          "examples": ["e.g. 0xE48eddbBcA614be5416f20dE57D858562b72479d"],
          "pattern": "^0x[a-fA-F0-9]{40}$",
          "minLength": 42,
          "maxLength": 42
        },
        "rewardToken": {
          "type": "string",
          "title": "Reward Token Address",
          "examples": ["e.g. 0x1f9840a85d5aF5bf1D1762F925BDADdC4201F984"],
          "pattern": "^0x[a-fA-F0-9]{40}$",
          "minLength": 42,
          "maxLength": 42
        }
      },
      "required": ["pool"],
      "additionalProperties": false
    }
  }
}
