[
  {
    "name": "Example query",
    "strategy": {
      "name": "sd-boost",
      "params": {
        "sdToken": "0x402F878BDd1f5C66FdAF0fabaBcF74741B68ac36",
        "veToken": "0xc8418aF6358FFddA74e09Ca9CC3Fe03Ca6aDC5b0",
        "lockerToken": "0xCd3a267DE09196C48bbB1d9e842D7D7645cE448f",
        "gauge": "0xF3C6e8fbB946260e8c2a55d48a5e01C82fD63106",
        "symbol": "sdToken",
        "decimals": 18
      }
    },
    "network": "1",
    "addresses": [
      "0xb7BFcDC3a2AA2aF3Fe653C9E8a19830977E1993C",
      "0x806346b423dDB4727C1f5dC718886430aA7CE9cF"
    ],
    "snapshot": 14476645
  }
]
