[
  {
    "name": "Example query",
    "strategy": {
      "name": "ruler-staked-token",
      "params": {
        "tokenAddress": "0xb1EECFea192907fC4bF9c4CE99aC07186075FC51",
        "stakingAddress": "0x3423c8Af3a95D9FEE7Ec06c4e0E905D4fd559F89",
        "symbol": "RULER-WETH SLP",
        "decimals": 18
      }
    },
    "network": "1",
    "addresses": [
      "0x0291eb432CB4a2613a7415018933E3Db45Bcd769",
      "0x7DE2bF548eaAd49588eB334696d7C2d4443C0575",
      "0xBDbFdf3e82fC9d2bE1352e252aB1Ce2287fC2122",
      "0x17EA85484cD4E97bE63fC02F20a196EDEAa937a9"
    ],
    "snapshot": 12777196
  }
]
