[
  {
    "name": "Example squadz-power query goerli",
    "strategy": {
      "name": "squadz-power",
      "params": {
        "symbol": "SQDZ",
        "collectionAddress": "0xd5746787be995887c59eff90611778b9cb67f0db"
      }
    },
    "network": "5",
    "addresses": [
      "0x4171160db0e7e2c75a4973b7523b437c010dd9d4",
      "0xd50fc49ff389558d23a76cf246da147ff53d8df8"
    ],
    "snapshot": 6679906
  },
  {
    "name": "Example squadz-power query polygon",
    "strategy": {
      "name": "squadz-power",
      "params": {
        "symbol": "SQDZ",
        "collectionAddress": "0xe56a303d9494bc55bd4ea570af6fb69efbd1aa63"
      }
    },
    "network": "137",
    "addresses": [
      "0xd50fc49ff389558d23a76cf246da147ff53d8df8",
      "0xc8d61fe5db0ef7b4512ce4d086c9c1c3f091fb75",
      "0x4171160db0e7e2c75a4973b7523b437c010dd9d4",
      "0x57421dea5152997c5ca37c3c6a5891c2c0217078"
    ],
    "snapshot": 26893958
  }
]
