[
  {
    "name": "Battlefly vgFLY holders and gFLY stakers",
    "strategy": {
      "name": "battlefly-vgfly-and-staked-gfly",
      "params": {
        "graphUrl": "https://api.thegraph.com/subgraphs/name/battlefly-game/gfly-main",
        "gFLYAddress": "0x872bAD41CFc8BA731f811fEa8B2d0b9fd6369585",
        "magicAddress": "0x539bdE0d7Dbd336b79148AA742883198BBF60342",
        "lpAddress": "0x088F2Bd3667F385427d9289C28725D43d4b74AB4",
        "vgFLYAddress": "0x86d643b7f4a2a6772A4B1bFBee5EcE46A1DE3dfD",
        "symbol": "gFLY",
        "decimals": 18
      }
    },
    "network": "42161",
    "addresses": [
      "0x0eB468F89E5bcFA4c933c8982D8d19554e101cfe",
      "0x78063Ed58Edea4Ae4981946D6b4Cc63d8928CCBC",
      "0x4026b3Da349C2952255Ca9db4F055ea57F4e037C"
    ],
    "snapshot": 47081042
  }
]
