[
  {
    "name": "Example query",
    "strategy": {
      "name": "thales",
      "params": {
        "symbol": "THALES",
        "decimals": 18
      }
    },
    "network": "10",
    "addresses": [
      "0x9f8e4ee788D9b00A3409584E18034aA7B736C396",
      "0x0bc3668d2AaFa53eD5E5134bA13ec74ea195D000",
      "0xcAc59F91E4536Bc0E79aB816a5cD54e89f10433C",
      "0x6dc88B231Cd04Dd1b1e525161162993F47140006",
      "0x935D2fD458fdf41B6F7B62471f593797866a3Ce6",
      "0x24e445fe7708Bf4bC2ae8d4df1694C98Af8BDE4F",
      "0x49be88f0fcc3a8393a59d3688480d7d253c37d2a",
      "0x27Cc4d6bc95b55a3a981BF1F1c7261CDa7bB0931"
    ],
    "snapshot": 5003555
  }
]
