[
  {
    "name": "Example query",
    "strategy": {
      "name": "whitelist",
      "params": {
        "symbol": "POINT",
        "addresses": [
          "0xa478c2975ab1ea89e8196811f51a7b7ade33eb11",
          "0xeF8305E140ac520225DAf050e2f71d5fBcC543e7"
        ]
      }
    },
    "network": "1",
    "addresses": [
      "0xa478c2975ab1ea89e8196811f51a7b7ade33eb11",
      "0xeF8305E140ac520225DAf050e2f71d5fBcC543e7",
      "0x1E1A51E25f2816335cA436D65e9Af7694BE232ad"
    ],
    "snapshot": 11437846
  }
]
