[
  {
    "name": "Example query",
    "strategy": {
      "name": "dfyn-staked-in-farms",
      "params": {
        "name": "Dfyn Farms",
        "contractAddresses": [
          "0xEdBB73C0ccD3F00cD75c2749b0df40A1BE394EE2",
          "0x52b965ccd44A98A8aa064bC597C895adCD02e9BC",
          "0x001A4e27CCDfe8ed6BBaFfEc9AE0985aB5542BEf",
          "0xEAb0FD1FE0926E43b61612d65002Ba6320AA1080"
        ],
        "tokenAddress": "0xc168e40227e4ebd8c1cae80f7a55a4f0e6d66c97",
        "decimal": 18,
        "symbol": "DFYN",
        "scoreMultiplier": 1,
        "methodABI_1": {
          "inputs": [
            {
              "internalType": "address",
              "name": "account",
              "type": "address"
            }
          ],
          "name": "balanceOf",
          "outputs": [
            {
              "internalType": "uint256",
              "name": "",
              "type": "uint256"
            }
          ],
          "stateMutability": "view",
          "type": "function"
        },
        "methodABI_2": {
          "inputs": [],
          "name": "stakingToken",
          "outputs": [
            {
              "internalType": "contract IERC20",
              "name": "",
              "type": "address"
            }
          ],
          "stateMutability": "view",
          "type": "function"
        }
      }
    },
    "network": "137",
    "addresses": [
      "0x41CdE29bF9aea095fDD204D150451678b2c6A736",
      "0xD7B26f34775fa41D6dCE182851642573aBF9B532",
      "0xd7539FCdC0aB79a7B688b04387cb128E75cb77Dc",
      "0x6E33e22f7aC5A4b58A93C7f6D8Da8b46c50A3E20",
      "0xC9dA7343583fA8Bb380A6F04A208C612F86C7701",
      "0x2AC89522CB415AC333E64F52a1a5693218cEBD58"
    ],
    "snapshot": 18342938
  }
]
