[
  {
    "name": "Example query",
    "strategy": {
      "name": "holds-tokens",
      "params": {
        "symbol": "XYZ",
        "tokenAddresses": [
          {
            "address": "0x7Bd29408f11D2bFC23c34f18275bBf23bB716Bc7",
            "network": "1",
            "decimals": 0,
            "minBalance": 0
          },
          {
            "address": "0xc34cbca32e355636c7f52dd8beab0af2396ebd79",
            "network": "137",
            "decimals": 0,
            "minBalance": 0
          }
        ]
      }
    },
    "network": "1",
    "addresses": [
      "0xC5e38233Cc0D7CFf9340e6139367aBA498EC9b18",
      "0x2009a752a50D3CDe486d7b5921944377B729E747",
      "0x7b15e6c439b27a553b65a9904ce571da6691a0fb",
      "0x8d2f3a76a76f055d62a931678ab16b042e7badeb",
      "0xEDe64a571CFe98B936271B935a955620f387E05A"
    ],
    "snapshot": 13317369
  }
]
