{
  "$schema": "http://json-schema.org/draft-07/schema#",
  "$ref": "#/definitions/Strategy",
  "definitions": {
    "Strategy": {
      "title": "Strategy",
      "type": "object",
      "properties": {
        "symbol": {
          "type": "string",
          "title": "Symbol",
          "examples": ["e.g. UNI"],
          "maxLength": 16
        },
        "inkAddress": {
          "type": "string",
          "title": "INK contract address",
          "examples": ["e.g. 0x1f9840a85d5aF5bf1D1762F925BDADdC4201F984"],
          "pattern": "^0x[a-fA-F0-9]{40}$",
          "minLength": 42,
          "maxLength": 42
        },
        "printerAddress": {
          "type": "string",
          "title": "Printer contract address",
          "examples": ["e.g. 0x1f9840a85d5aF5bf1D1762F925BDADdC4201F984"],
          "pattern": "^0x[a-fA-F0-9]{40}$",
          "minLength": 42,
          "maxLength": 42
        },
        "lpPoolAddress": {
          "type": "string",
          "title": "LP Pool address",
          "examples": ["e.g. 0x1f9840a85d5aF5bf1D1762F925BDADdC4201F984"],
          "pattern": "^0x[a-fA-F0-9]{40}$",
          "minLength": 42,
          "maxLength": 42
        },
        "lpPoolId": {
          "type": "string",
          "title": "LP Pool ID",
          "examples": ["e.g. 0"],
          "pattern": "^[0-9]{1}$",
          "minLength": 1,
          "maxLength": 1
        },
        "lpPairAddress": {
          "type": "string",
          "title": "INK LP Pair address",
          "examples": ["e.g. 0x1f9840a85d5aF5bf1D1762F925BDADdC4201F984"],
          "pattern": "^0x[a-fA-F0-9]{40}$",
          "minLength": 42,
          "maxLength": 42
        }
      },
      "required": [
        "inkAddress",
        "printerAddress",
        "lpPoolAddress",
        "lpPairAddress"
      ],
      "additionalProperties": false
    }
  }
}
