[
  {
    "name": "CyberKongz, CyberKongz VX and Banana holdings",
    "strategy": {
      "name": "cyberkongz-v2",
      "params": {
        "symbol": "KONGZ",
        "registries": [
          "0x57a204aa1042f6e66dd7730813f4024114d74f37",
          "0x7ea3cca10668b8346aec0bf1844a49e995527c8b",
          "0xe2311ae37502105b442bbef831e9b53c5d2e9b3b"
        ]
      }
    },
    "network": "1",
    "addresses": [
      "0xf521Bb7437bEc77b0B15286dC3f49A87b9946773",
      "0x721931508df2764fd4f70c53da646cb8aed16ace",
      "0xa63571f2ce7cf4e9a566a1f248f5d0ad3ba78726",
      "0x9279c4cfb0e85e2dff8825ce141f9794c7c7170a",
      "0x6f35b0cfc58eb1e21eef8a439bbb0ce4c929d32a",
      "0xe34bded2b256430a9be53cbf5cba3b6d866d55f3",
      "0xb14b87790643d2dab44b06692d37dd95b4b30e56"
    ],
    "snapshot": 13322697
  }
]
