[
  {
    "name": "STAKE token holders",
    "strategy": {
      "name": "xdai-stake-delegation",
      "params": {
        "address": "0x0Ae055097C6d159879521C384F1D2123D1f195e6",
        "symbol": "STAKE",
        "decimals": 18,
        "start": 9877420
      }
    },
    "network": "1",
    "addresses": [
      "0x24d19f100ba142543a863fc2294b188e35ab55b9",
      "0x57e54ecf82df98b3fadc1cd50d6835d5dd870916",
      "0x9bc4a93883c522d3c79c81c2999aab52e2268d03",
      "0x3cfe51b61e25750ab1426b0072e5d0cc5c30aafa",
      "0x953533d6d085c503f6ec78a66cb2f454d090faed",
      "0x80B3a71723FD38CD9589Ca32FA40EDC781f1A9C2"
    ],
    "snapshot": 11724607
  }
]
