[
  {
    "name": "Botto Dao Governance strategy",
    "strategy": {
      "name": "botto-dao",
      "params": {
        "token": "0x9dfad1b7102d46b1b197b90095b5c4e9f5845bba",
        "stakingAddress": "0x19CD3998f106eCC40eE7668c19C47e18b491e8a6",
        "miningAddress": "0xf8515Cae6915838543bCD7756F39268CE8F853Fd",
        "liquidityAddress": "0x9ff68f61ca5eb0c6606dc517a9d44001e564bb66",
        "symbol": "BOTTO",
        "decimals": 18
      }
    },
    "network": "1",
    "addresses": [
      "0xf2b10b41961f6bc3801e7946dabe5572158a78a5",
      "0xea32cf979bdaf8d3bb4121d58515d4623a27f3e0",
      "0x7173d417cfa1cdec794fa21f4ca8a71d181b2ca0",
      "0x58787f1659b2fd8853918dab6d4a1565569e6044",
      "0x7dbc5f88986db946f1d5987edfbf9c6917230fa2"
    ],
    "snapshot": 13803640
  }
]
