[
  {
    "name": "piedao",
    "strategy": {
      "name": "piedao",
      "params": {
        "symbol": "PIE",
        "BPT": "0xFAE2809935233d4BfE8a56c2355c4A2e7d1fFf1A",
        "doughv1": "0x5f5e9ed11344dadc3a08688e5f17e23f6a99bf81",
        "doughv2": "0xad32A8e6220741182940c5aBF610bDE99E737b2D",
        "stakedDough": "0xB9a4Bca06F14A982fcD14907D31DFACaDC8ff88E",
        "eDOUGH": "0x63cbd1858bd79de1a06c3c26462db360b834912d",
        "decimals": 18
      }
    },
    "network": "1",
    "addresses": [
      "0x66827bcd635f2bb1779d68c46aeb16541bca6ba8",
      "0x635b230c3fdf6a466bb6dc3b9b51a8ceb0659b67"
    ],
    "snapshot": 11350000
  }
]
