[
  {
    "name": "Example query - Count of tokens in single token Pool",
    "strategy": {
      "name": "pod-leader",
      "params": {
        "symbol": "STAKE",
        "chefAddress": "0x111E1E97435b57467E79d4930acc4B7EB3d478ad",
        "uniPairAddress": "0x73e6CB72a79dEa7ed75EF5eD6f8cFf86C9128eF5",
        "token0": {
          "address": "0x8B1d98A91F853218ddbb066F20b8c63E782e2430",
          "weight": 1,
          "weightDecimals": 0
        },
        "pid": "2",
        "weight": 1,
        "weightDecimals": 0
      }
    },
    "network": "43114",
    "addresses": ["0x9F8A5B35f5508071cf2304A670EAB0803F3737aa"],
    "snapshot": 5475221
  },
  {
    "name": "Example query - Count of tokens in single token Pool",
    "strategy": {
      "name": "pod-leader",
      "params": {
        "chefAddress": "0x111E1E97435b57467E79d4930acc4B7EB3d478ad",
        "uniPairAddress": "0x1a9bd67c82c0e8e47c3ad2fa772fcb9b7a831a37",
        "token1": {
          "address": "0x8B1d98A91F853218ddbb066F20b8c63E782e2430",
          "weight": 1,
          "weightDecimals": 0
        },
        "pid": "0",
        "weight": 1,
        "weightDecimals": 0
      }
    },
    "network": "43114",
    "addresses": ["0x9F8A5B35f5508071cf2304A670EAB0803F3737aa"],
    "snapshot": 5475221
  },

  {
    "name": "Example query - Tokens in single token Pool",
    "strategy": {
      "name": "pod-leader",
      "params": {
        "chefAddress": "0xA3654801Ba6FB21d5A984F9a857441395dDeccFb",
        "tokenAddress": "0x8B1d98A91F853218ddbb066F20b8c63E782e2430",
        "pid": "0",
        "weight": 1,
        "weightDecimals": 0,
        "decimals": 0
      }
    },
    "network": "43114",
    "addresses": ["0x9F8A5B35f5508071cf2304A670EAB0803F3737aa"],
    "snapshot": 5475221
  }
]
