[
  {
    "name": "Example query",
    "strategy": {
      "name": "synthetix-non-quadratic_2",
      "params": {
        "address": "0x023c66b7e13d30a3c46aa433fd2829763d5817c5",
        "symbol": "WD",
        "totalL2Debt": 40201854,
        "lastDebtLedgerEntryL2": 10909822163955610660349890,
        "L2BlockNumber": 4750287
      }
    },
    "network": "1",
    "addresses": [
      "0x78b037B39704e88a82DD23CFBE1f57f6AeF8EBC5",
      "0x0bc3668d2AaFa53eD5E5134bA13ec74ea195D000",
      "0xcAc59F91E4536Bc0E79aB816a5cD54e89f10433C",
      "0x6dc88B231Cd04Dd1b1e525161162993F47140006",
      "0x935D2fD458fdf41B6F7B62471f593797866a3Ce6",
      "0x24e445fe7708Bf4bC2ae8d4df1694C98Af8BDE4F",
      "0x49be88f0fcc3a8393a59d3688480d7d253c37d2a",
      "0x27Cc4d6bc95b55a3a981BF1F1c7261CDa7bB0931"
    ],
    "snapshot": 14443440
  }
]
