{
  "$schema": "http://json-schema.org/draft-07/schema#",
  "$ref": "#/definitions/Strategy",
  "definitions": {
    "Strategy": {
      "title": "Strategy",
      "type": "object",
      "properties": {
        "expectedResults": {
          "type": "object",
          "properties": {
            "scores": {
              "type": "object",
              "additionalProperties": { "type": "number" }
            }
          }
        }
      },
      "required": [],
      "additionalProperties": false
    }
  }
}
