[
  {
    "name": "Example configuration",
    "strategy": {
      "name": "reliquary",
      "params": {
        "reliquaryAddress": "0x1ed6411670c709F4e163854654BD52c74E66D7eC",
        "poolId": 1,
        "minVotingLevel": 1,
        "maxVotingLevel": 7,
        "decimals": 18,
        "strategy": "multiplier",
        "useLevelOnUpdate": false
      }
    },
    "network": "250",
    "addresses": [
      "0x4fbe899d37fb7514adf2f41B0630E018Ec275a0C",
      "0x945d88011cAC5FDc3eAF7DbA51592bfA98aEe91A",
      "0x1E243A85822E2CD42C81359E0ea42033000D02a4",
      "0xf7Ee8A9d014E9046D007bD448AaE7C667eF91E98"
    ],
    "snapshot": 54393483
  }
]
