{
  "$schema": "http://json-schema.org/draft-07/schema#",
  "$ref": "#/definitions/Strategy",
  "definitions": {
    "Strategy": {
      "title": "Dopamine",
      "type": "object",
      "properties": {
        "nftMultiplier": {
          "type": "number",
          "title": "Symbol",
          "examples": ["e.g. 10000"]
        },
        "tokenAddress": {
          "type": "string",
          "title": "ERC20 Token Contract address",
          "examples": ["e.g. 0x1f9840a85d5aF5bf1D1762F925BDADdC4201F984"],
          "pattern": "^0x[a-fA-F0-9]{40}$",
          "minLength": 42,
          "maxLength": 42
        },
        "nftAddress": {
          "type": "string",
          "title": "ERC721 NFT Token Contract address",
          "examples": ["e.g. 0x1f9840a85d5aF5bf1D1762F925BDADdC4201F984"],
          "pattern": "^0x[a-fA-F0-9]{40}$",
          "minLength": 42,
          "maxLength": 42
        },
        "decimals": {
          "type": "number",
          "title": "Decimals",
          "examples": ["e.g. 4"]
        }
      },
      "required": ["tokenAddress", "nftAddress", "nftMultiplier", "decimals"],
      "additionalProperties": false
    }
  }
}
