[
  {
    "name": "Ditto.money",
    "strategy": {
      "name": "dittomoney",
      "params": {
        "autofarm": "0x0895196562C7868C5Be92459FaE7f877ED450452",
        "jetfuel": "0x3d6D415be40159f207540f95E398F29a7173dC20",
        "cafeswap": "0xc772955c33088a97D56d0BBf473d05267bC4feBB",
        "pancake": "0x470BC451810B312BBb1256f96B0895D95eA659B1",
        "sharePool": "0x27Da7Bc5CcB7c31baaeEA8a04CC8Bf0085017208",
        "token": "0x233d91a0713155003fc4dce0afa871b508b3b715",
        "symbol": "DITTO",
        "decimals": 18
      }
    },
    "network": "56",
    "addresses": [
      "0x614812d04526C0C882A6cB993a135fcD559F33F9",
      "0xff91AcCd5277cc3de3E73DD77e3102b1980e439e",
      "0x05ff2b0db69458a0750badebc4f9e13add608c7f",
      "0xd1a8Dd23e356B9fAE27dF5DeF9ea025A602EC81e",
      "0x48f7cb174a2333de834452ad240ce8d3d827dc55",
      "0x0d3cae1ff719d6a2ac0fcd7cd22f599cac64b6ec",
      "0xE0e710A907a8E44c078e6212Efa336C1191F4CD1"
    ],
    "snapshot": 5248103
  }
]
